#,Citation,Exclusion reason
1,"Katsigiannis, S. and Ramzan, N. (2018). DREAMER: A database for emotion recognition through EEG and ECG signals from wireless low-cost off-the-shelf devices. doi:10.1109/JBHI.2017.2688239",Dataset/data-descriptor paper without a complete emotion-recognition pipeline
2,"Park, C.Y., Cha, N., Kang, S., et al. (2020). K-EmoCon, a multimodal sensor dataset for continuous emotion recognition in naturalistic conversations. doi:10.1038/s41597-020-00630-y",Dataset/data-descriptor paper without a complete emotion-recognition pipeline
3,"Wan, C., Chen, D., Huang, Z., Luo, X. (2021). A wearable head mounted display bio-signals pad system for emotion recognition. doi:10.3390/s22010142",Multimodal sensing system without emotion-recognition results
4,"Miranda-Correa, J.A., Abadi, M.K., Sebe, N., Patras, I. (2021). AMIGOS: A dataset for affect, personality and mood research on individuals and groups. doi:10.1109/TAFFC.2018.2884461",Dataset/data-descriptor paper without a complete emotion-recognition pipeline
5,"Saganowski, S., Komoszynska, J., Behnke, M., et al. (2022). Emognition dataset: emotion recognition with self-reports, facial expressions, and physiology using wearables. doi:10.1038/s41597-022-01262-0",Dataset/data-descriptor paper without a complete emotion-recognition pipeline
6,"Chen, G. and Jiao, S. (2023). Speech-visual emotion recognition by fusing shared and specific features. doi:10.1109/LSP.2023.3279689",Audio-visual study without a qualifying physiological signal
7,"Qin, Y. (2024). Artificial intelligence technology-driven teacher mental state assessment and improvement. (EBSCO record)",Evaluated ECG alone; did not integrate two distinct sensing modalities
8,"Rahmani, M.H., Symons, M., Sobhani, O., et al. (2024). EmoWear: wearable physiological and motion dataset for emotion recognition and context awareness. doi:10.1038/s41597-024-03429-3",Dataset/data-descriptor paper without a complete emotion-recognition pipeline
9,"Wu, W., Zuo, E., Zhang, W., Meng, X. (2024). Multi-physiological signal fusion for objective emotion recognition in educational human-computer interaction. Frontiers in Public Health, 12, 1492375",Evaluated ECG alone (WESAD and self-collected MSSFT); did not integrate two distinct sensing modalities
10,"Hosseini, M., Sohrab, F., Gottumukkala, R., et al. (2025). A multimodal stress detection dataset with facial expressions and physiological signals. doi:10.1038/s41597-025-05812-0",Dataset/data-descriptor paper without a complete emotion-recognition pipeline
11,"Sweeney-Fanelli, T.C., Ahmed, A., Imtiaz, M.H. (2025). Descriptor: Clarkson University Affective Research Dataset (CUADS). doi:10.1109/IEEEDATA.2025.3553824",Dataset/data-descriptor paper without a complete emotion-recognition pipeline
12,"Lee, D., Park, E., Kim, G., Han, Y., et al. (2026). A multimodal dataset for assessing emotion, stress, and emotional workload in interpersonal contexts. doi:10.1038/s41597-025-06531-2",Dataset/data-descriptor paper without a complete emotion-recognition pipeline
13,"Olikkal, P., Mebaghanje, O., et al. (2026). Design, development, and validation of a multimodal synergy-based intuitive virtual assistive system. doi:10.3389/frobt.2026.1767798",Multimodal sensing system without emotion-recognition results
