Study_ID,Study,AE_L1_SampleSize,MK_L1_SampleSize,AE_L2_Diversity,MK_L2_Diversity,AE_L3_Ecological,MK_L3_Ecological,AE_L4_Validation,MK_L4_Validation,AE_L5_Dataset,MK_L5_Dataset,AE_L6_RefStandard,MK_L6_RefStandard,AE_Total,MK_Total,AE_Level,MK_Level
1,Zheng et al. (2019),3,3,2,2,3,3,3,3,3,3,2,2,16,16,High,High
2,Nakisa et al. (2020),3,2,2,2,3,3,1,1,3,3,1,1,13,12,Moderate,Moderate
3,Dar et al. (2020),2,2,2,2,3,3,3,3,1,1,1,1,12,12,Moderate,Moderate
4,Dziezyc et al. (2020),1,1,1,1,3,3,2,2,1,1,1,1,9,9,Moderate,Moderate
5,Ayata et al. (2020),2,2,2,2,3,2,1,1,2,2,1,1,11,10,Moderate,Moderate
6,Sun et al. (2020),3,3,3,3,3,3,1,1,3,3,2,2,15,15,High,High
7,Kwon et al. (2021),2,2,2,2,3,3,2,2,3,3,2,2,14,14,High,High
8,Du et al. (2022),1,1,2,2,3,3,3,2,3,3,3,3,15,14,High,High
9,Jiang et al. (2022),3,3,2,2,3,3,2,2,2,2,2,2,14,14,High,High
10,Nandi & Xhafa (2022),2,2,2,2,3,3,2,2,2,2,1,1,12,12,Moderate,Moderate
11,Younis et al. (2022),2,2,2,2,2,2,2,2,3,3,1,1,12,12,Moderate,Moderate
12,Akbulut et al. (2022),2,2,2,2,3,3,3,3,3,3,1,1,14,14,High,High
13,Yang et al. (2023),2,2,2,2,3,3,1,1,3,3,2,2,13,13,Moderate,Moderate
14,Zitouni et al. (2023),2,2,2,2,3,3,1,1,2,1,1,1,11,10,Moderate,Moderate
15,Wang et al. (2024),3,3,2,2,3,3,2,2,3,3,2,2,15,15,High,High
16,Qin et al. (2024),3,3,2,2,3,3,2,2,2,2,1,1,13,13,Moderate,Moderate
17,Gong et al. (2024),3,3,2,2,3,3,1,1,2,2,2,2,13,13,Moderate,Moderate
18,Sriram Kumar et al. (2024),2,2,2,2,3,3,1,1,1,1,1,1,10,10,Moderate,Moderate
19,Zhang et al. (2024),1,1,2,2,3,2,2,2,1,1,2,2,11,10,Moderate,Moderate
20,Hou et al. (2024),2,2,2,2,3,3,2,2,1,1,2,2,12,12,Moderate,Moderate
21,Yang et al. (2024),2,2,2,2,3,3,3,3,2,2,1,1,13,13,Moderate,Moderate
22,Li & Peng (2024),2,2,2,2,3,3,3,3,2,2,2,2,14,14,High,High
23,Wu et al. (2024),3,2,2,2,3,3,2,2,2,2,1,2,13,13,Moderate,Moderate
24,Moon et al. (2024),1,1,2,2,2,2,3,3,2,2,2,2,12,12,Moderate,Moderate
25,Polo et al. (2025),2,2,2,2,2,2,1,1,3,3,1,1,11,11,Moderate,Moderate
26,Nandini et al. (2025),2,2,2,2,3,3,3,2,2,2,2,2,14,13,High,Moderate
27,Safavi et al. (2025),2,2,2,2,3,3,2,2,2,2,1,1,12,12,Moderate,Moderate
28,Kuyucu et al. (2025),1,1,2,2,2,2,1,1,3,3,2,1,11,10,Moderate,Moderate
29,Vu et al. (2025),2,2,2,2,3,3,1,1,2,2,1,1,11,11,Moderate,Moderate
30,Boateng et al. (2026),2,2,3,3,1,1,2,2,3,3,2,1,13,12,Moderate,Moderate
31,Thangarajan et al. (2026),2,2,2,2,3,3,2,2,1,1,1,1,11,11,Moderate,Moderate
32,Zhou et al. (2026),2,2,2,2,3,3,1,1,1,1,1,1,10,10,Moderate,Moderate
33,Barki et al. (2026),2,2,2,2,3,3,2,2,3,3,2,2,14,14,High,High
34,Liang et al. (2026),2,2,2,2,3,3,2,2,1,1,1,1,11,11,Moderate,Moderate
35,Gahlan & Sethia (2026),2,2,2,2,3,3,1,1,3,3,1,1,12,12,Moderate,Moderate
