Study_ID,Study,AE_L1_SampleSize,MK_L1_SampleSize,HY_L1_SampleSize,AE_L2_Diversity,MK_L2_Diversity,HY_L2_Diversity,AE_L3_Ecological,MK_L3_Ecological,HY_L3_Ecological,AE_L4_Validation,MK_L4_Validation,HY_L4_Validation,AE_L5_Dataset,MK_L5_Dataset,HY_L5_Dataset,AE_L6_RefStandard,MK_L6_RefStandard,HY_L6_RefStandard,AE_Total,AE_Level,MK_Total,MK_Level,HY_Total,HY_Level
1,Zheng et al. (2019),3,3,3,2,2,3,3,3,2,3,3,3,3,3,3,2,2,2,16,High,16,High,16,High
2,Nakisa et al. (2020),3,2,3,2,2,3,3,3,2,1,1,1,3,3,3,1,1,1,13,Moderate,12,Moderate,13,Moderate
3,Dar et al. (2020),2,2,3,2,2,1,3,3,3,3,3,3,1,1,1,1,1,1,12,Moderate,12,Moderate,12,Moderate
4,Dziezyc et al. (2020),1,1,1,1,1,1,3,3,3,2,2,1,1,1,1,1,1,1,9,Low,9,Low,8,Low
5,Ayata et al. (2020),2,2,2,2,2,2,3,2,3,1,1,1,2,2,2,1,1,1,11,Moderate,10,Moderate,11,Moderate
6,Sun et al. (2020),3,3,3,3,3,3,3,3,3,1,1,1,3,3,3,2,2,2,15,High,15,High,15,High
7,Kwon et al. (2021),2,2,2,2,2,2,3,3,3,2,2,2,3,3,3,2,2,2,14,High,14,High,14,High
8,Du et al. (2022),1,1,1,2,2,3,3,3,3,3,2,3,3,3,3,3,3,3,15,High,14,High,16,High
9,Jiang et al. (2022),3,3,3,2,2,3,3,3,3,2,2,2,2,2,2,2,2,2,14,High,14,High,15,High
10,Nandi & Xhafa (2022),2,2,2,2,2,2,3,3,3,2,2,1,2,2,2,1,1,1,12,Moderate,12,Moderate,11,Moderate
11,Younis et al. (2022),2,2,2,2,2,2,2,2,2,2,2,3,3,3,3,1,1,1,12,Moderate,12,Moderate,13,Moderate
12,Akbulut et al. (2022),2,2,2,2,2,2,3,3,3,3,3,3,3,3,3,1,1,1,14,High,14,High,14,High
13,Yang et al. (2023),2,2,2,2,2,3,3,3,3,1,1,1,3,3,3,2,2,2,13,Moderate,13,Moderate,14,High
14,Zitouni et al. (2023),2,2,2,2,2,2,3,3,3,1,1,2,2,1,2,1,1,1,11,Moderate,10,Moderate,12,Moderate
15,Wang et al. (2024),3,3,3,2,2,2,3,3,3,2,2,2,3,3,3,2,2,2,15,High,15,High,15,High
16,Qin et al. (2024),3,3,3,2,2,2,3,3,3,2,2,2,2,2,2,1,1,1,13,Moderate,13,Moderate,13,Moderate
17,Gong et al. (2024),3,3,3,2,2,2,3,3,3,1,1,1,2,2,2,2,2,2,13,Moderate,13,Moderate,13,Moderate
18,Sriram Kumar et al. (2024),2,2,2,2,2,2,3,3,3,1,1,1,1,1,1,1,1,1,10,Moderate,10,Moderate,10,Moderate
19,Zhang et al. (2024),1,1,2,2,2,2,3,2,3,2,2,2,1,1,1,2,2,2,11,Moderate,10,Moderate,12,Moderate
20,Hou et al. (2024),2,2,2,2,2,2,3,3,3,2,2,2,1,1,1,2,2,2,12,Moderate,12,Moderate,12,Moderate
21,Yang et al. (2024),2,2,3,2,2,2,3,3,3,3,3,3,2,2,2,1,1,1,13,Moderate,13,Moderate,14,High
22,Li & Peng (2024),2,2,2,2,2,2,3,3,3,3,3,3,2,2,2,2,2,2,14,High,14,High,14,High
23,Wu et al. (2024),3,2,3,2,2,2,3,3,3,2,2,2,2,2,2,1,2,1,13,Moderate,13,Moderate,13,Moderate
24,Moon et al. (2024),1,1,1,2,2,2,2,2,2,3,3,3,2,2,2,2,2,2,12,Moderate,12,Moderate,12,Moderate
25,Polo et al. (2025),2,2,2,2,2,2,2,2,2,1,1,1,3,3,3,1,1,1,11,Moderate,11,Moderate,11,Moderate
26,Nandini et al. (2025),2,2,2,2,2,2,3,3,3,3,2,3,2,2,2,2,2,2,14,High,13,Moderate,14,High
27,Safavi et al. (2025),2,2,2,2,2,2,3,3,3,2,2,2,2,2,2,1,1,1,12,Moderate,12,Moderate,12,Moderate
28,Kuyucu et al. (2025),1,1,1,2,2,2,2,2,2,1,1,1,3,3,3,2,1,2,11,Moderate,10,Moderate,11,Moderate
29,Vu et al. (2025),2,2,1,2,2,2,3,3,2,1,1,1,2,2,2,1,1,1,11,Moderate,11,Moderate,9,Low
30,Boateng et al. (2026),2,2,2,3,3,3,1,1,1,2,2,2,3,3,3,2,1,2,13,Moderate,12,Moderate,13,Moderate
31,Thangarajan et al. (2026),2,2,2,2,2,2,3,3,3,2,2,2,1,1,1,1,1,1,11,Moderate,11,Moderate,11,Moderate
32,Zhou et al. (2026),2,2,2,2,2,2,3,3,3,1,1,1,1,1,2,1,1,1,10,Moderate,10,Moderate,11,Moderate
33,Barki et al. (2026),2,2,2,2,2,2,3,3,3,2,2,2,3,3,3,2,2,2,14,High,14,High,14,High
34,Liang et al. (2026),2,2,2,2,2,2,3,3,3,2,2,2,1,1,1,1,1,1,11,Moderate,11,Moderate,11,Moderate
35,Gahlan & Sethia (2026),2,2,2,2,2,2,3,3,3,1,1,1,3,3,3,1,1,1,12,Moderate,12,Moderate,12,Moderate
