Study_ID,Study,AE_C1_Wearable,MK_C1_Wearable,AE_C2_RealWorld,MK_C2_RealWorld,AE_C3_SubjIndep,MK_C3_SubjIndep,AE_C4_External,MK_C4_External,AE_C5_Longitudinal,MK_C5_Longitudinal,AE_C6_Explain,MK_C6_Explain,AE_C7_MissingData,MK_C7_MissingData,AE_C8_Privacy,MK_C8_Privacy,AE_C9_Clinical,MK_C9_Clinical,AE_C10_Regulatory,MK_C10_Regulatory,AE_TRS,MK_TRS
1,Zheng et al. (2019),Y,Y,Y,Y,N,N,N,N,Y,Y,N,N,N,N,N,N,Y,Y,N,N,4,4
2,Nakisa et al. (2020),Y,Y,N,N,Y,Y,N,N,Y,Y,N,N,N,N,N,N,N,N,N,N,3,3
3,Dar et al. (2020),Y,Y,N,N,N,N,Y,Y,N,N,N,N,Y,Y,N,N,Y,Y,N,N,4,4
4,Dziezyc et al. (2020),Y,Y,Y,Y,Y,Y,N,N,Y,Y,N,N,N,N,N,N,N,N,N,N,4,4
5,Ayata et al. (2020),Y,Y,N,N,Y,Y,N,N,N,N,N,N,N,N,N,N,Y,Y,N,N,3,3
6,Sun et al. (2020),Y,Y,N,N,N,N,N,N,N,N,N,N,N,N,N,N,Y,Y,N,N,2,2
7,Kwon et al. (2021),Y,Y,Y,Y,N,N,N,N,N,N,N,N,N,N,N,N,Y,Y,N,N,3,3
8,Du et al. (2022),N,N,N,N,N,N,N,N,N,N,Y,Y,N,N,N,N,Y,Y,N,N,2,2
9,Jiang et al. (2022),Y,Y,Y,Y,N,N,N,N,N,N,Y,Y,Y,Y,Y,Y,Y,Y,N,N,6,6
10,Nandi & Xhafa (2022),Y,Y,N,N,N,N,N,N,N,N,N,N,N,N,Y,Y,N,N,N,N,2,2
11,Younis et al. (2022),Y,Y,Y,Y,Y,Y,N,N,N,N,N,N,N,N,N,N,Y,Y,N,N,4,4
12,Akbulut et al. (2022),Y,Y,Y,Y,N,N,N,N,N,N,Y,Y,Y,Y,N,N,Y,Y,N,N,5,5
13,Yang et al. (2023),Y,Y,N,N,Y,Y,N,N,N,N,N,N,Y,Y,Y,Y,N,N,N,N,4,4
14,Zitouni et al. (2023),Y,Y,Y,Y,Y,Y,N,N,Y,Y,Y,Y,N,N,Y,Y,Y,Y,N,N,7,7
15,Wang et al. (2024),Y,Y,N,N,N,N,N,N,N,N,N,N,N,N,N,N,Y,Y,N,N,2,2
16,Qin et al. (2024),Y,Y,Y,Y,N,N,N,N,N,N,N,N,Y,Y,Y,Y,Y,Y,Y,Y,6,6
17,Gong et al. (2024),Y,Y,N,N,Y,Y,Y,Y,N,N,Y,Y,N,N,N,N,Y,Y,N,N,5,5
18,Sriram Kumar et al. (2024),Y,Y,N,N,N,N,Y,Y,N,N,N,N,N,N,N,N,N,N,N,N,2,2
19,Zhang et al. (2024),Y,Y,N,N,N,N,Y,Y,N,N,Y,Y,N,N,N,N,N,N,N,N,3,3
20,Hou et al. (2024),Y,Y,N,N,N,N,N,N,N,N,Y,Y,N,N,N,N,Y,Y,N,N,3,3
21,Yang et al. (2024),Y,Y,N,N,N,N,N,N,N,N,N,N,N,N,N,N,Y,Y,N,N,2,2
22,Li & Peng (2024),N,N,Y,Y,N,N,N,N,N,N,N,N,N,N,N,N,N,N,N,N,1,1
23,Wu et al. (2024),Y,Y,Y,Y,N,N,N,N,N,N,Y,Y,Y,Y,N,N,N,N,N,N,4,4
24,Moon et al. (2024),Y,Y,Y,Y,N,N,N,N,Y,Y,N,N,N,N,N,N,N,N,N,N,3,3
25,Polo et al. (2025),Y,Y,Y,Y,N,N,N,N,N,N,Y,Y,N,N,Y,Y,Y,Y,N,N,5,5
26,Nandini et al. (2025),Y,Y,Y,Y,N,N,N,N,N,N,N,N,Y,Y,Y,Y,Y,Y,N,N,5,5
27,Safavi et al. (2025),Y,Y,N,N,N,N,N,N,N,N,N,N,N,N,N,N,Y,Y,N,N,2,2
28,Kuyucu et al. (2025),Y,Y,N,N,N,N,N,N,N,N,Y,Y,Y,Y,N,N,Y,Y,N,N,4,4
29,Vu et al. (2025),N,N,N,N,N,N,N,N,N,N,N,N,N,N,N,N,N,N,N,N,0,0
30,Boateng et al. (2026),Y,Y,Y,Y,Y,Y,N,N,Y,Y,N,N,N,N,Y,Y,Y,Y,N,N,6,6
31,Thangarajan et al. (2026),N,N,N,N,N,N,N,N,N,N,Y,Y,N,N,N,N,Y,Y,N,N,2,2
32,Zhou et al. (2026),Y,Y,Y,Y,Y,Y,N,N,N,N,Y,Y,N,N,N,N,N,N,N,N,4,4
33,Barki et al. (2026),Y,Y,N,N,Y,Y,N,N,N,N,N,N,N,N,N,N,N,N,N,N,2,2
34,Liang et al. (2026),Y,Y,N,N,N,N,Y,Y,N,N,N,N,N,N,Y,Y,N,N,N,N,3,3
35,Gahlan & Sethia (2026),Y,Y,N,N,Y,Y,N,N,N,N,N,N,N,N,Y,Y,Y,Y,N,N,4,4
